month,tickets,csat,avg_handle_hours,sla_breaches,replacements
2025-01,311,3.4761904761904763,22.514912280701754,20,29
2025-02,328,3.395348837209302,18.53263888888889,31,23
2025-03,390,3.578034682080925,22.631188561215374,34,43
2025-04,368,3.391812865497076,22.038936781609195,38,35
2025-05,384,3.5722543352601157,21.93762838468721,40,40
2025-06,366,3.758169934640523,22.593756003842458,30,35
2025-07,425,3.471794871794872,23.107978279030913,41,40
2025-08,570,3.408921933085502,24.102585158150852,44,54
2025-09,582,3.4198473282442747,24.2692238267148,66,64
2025-10,659,3.6019417475728157,24.232220455749868,62,61
2025-11,824,3.4743935309973044,22.66282213772708,71,94
2025-12,1034,3.2903225806451615,27.08246332309792,86,152
2026-01,1174,3.123791102514507,33.861844863731655,92,287
2026-02,1196,2.9481037924151696,35.25026338893767,110,305
2026-03,1072,3.133056133056133,34.394842829076616,98,273
2026-04,788,3.2267441860465116,30.34675010979359,82,184
2026-05,693,3.372013651877133,25.3945765230312,72,100
2026-06,586,3.4015151515151514,25.81210775606868,47,77
