theme,tickets,csat,avg_handle_hours,sla_breaches,share
Account / order,1875,3.4917452830188678,12.07308628111548,165,0.17949454336588166
App / firmware,1011,3.5673076923076925,6.950449982692973,93,0.0967834577828834
Audio quality,400,3.5789473684210527,0.44563699825479935,35,0.03829216925138809
Battery / charging,615,2.9653979238754324,2.300987027636774,42,0.05887421022400919
Bluetooth / pairing,590,3.7916666666666665,0.3983861502347418,46,0.05648094964579743
Delivery / logistics,1176,3.333980582524272,32.94381290704558,102,0.11257897759908099
Other / mixed,2632,3.37447168216399,13.853846669347273,248,0.25196247367413366
Replacement / return,2124,3.4084967320261437,19.37551307514068,215,0.20333141872487076
Warranty / hardware,23,3.25,144.2340579710145,5,0.0022017997319548153
